ticker,ref_date,entry_date,entry_price,stop_pct,threshold_price,end_date,stop_date,stop_price,days_to_stop,status
207940,2025-10-01,2025-10-01,1470272.0,0.05,1396758.4,2025-12-31,2025-12-31,,,not_stopped
068270,2025-10-01,2025-10-01,175000.0,0.05,166250.0,2025-12-31,2025-12-31,,,not_stopped
326030,2025-10-01,2025-10-01,103100.0,0.05,97945.0,2025-12-31,2025-12-31,,,not_stopped
006280,2025-10-01,2025-10-01,129600.0,0.05,123120.0,2025-12-31,2025-12-31,,,not_stopped
145020,2025-10-01,2025-10-01,298500.0,0.05,283575.0,2025-12-31,2025-10-10,275000.0,9.0,stopped
128940,2025-10-01,2025-10-01,365000.0,0.05,346750.0,2025-12-31,2025-10-14,342000.0,13.0,stopped
069620,2025-10-01,2025-10-01,135100.0,0.05,128345.0,2025-12-31,2025-12-31,,,not_stopped
003090,2025-10-01,2025-10-01,22150.0,0.05,21042.5,2025-12-31,2025-10-14,20900.0,13.0,stopped
302440,2025-10-01,2025-10-01,47400.0,0.05,45030.0,2025-12-31,2025-12-31,,,not_stopped
000100,2025-10-01,2025-10-01,119700.0,0.05,113715.0,2025-12-31,2025-11-11,112400.0,41.0,stopped
